{"val_loss": [505.90386459853625, 442.6168434226906, 368.05499468792925, 289.3518381642771, 209.13550290956601, 144.02557825780175, 98.68156055827717, 73.49417047186212, 60.808137998476134, 52.79447773524693, 43.27575054797497, 35.874711172921316, 31.675103198040972, 28.760309575678228, 26.932906643374935, 24.551138322431964, 23.845360347202845, 22.01728275844029, 21.516657881684356, 20.51386162474915, 18.666856786706944, 17.62265532357352, 17.2758847959749, 17.657998975816664, 15.846751013954917, 16.798604399293335, 14.98222912798871, 14.747885442042088, 14.214030318207794, 13.64822526030488, 13.547378246600811, 12.773098033863109, 13.595914631099491, 13.13412221971449, 13.005798444643126, 13.67338517995981, 13.119010778573843, 11.513709980052907, 11.42748801262824, 12.202867969051821, 11.181313839587537, 11.50018182691637, 10.911613024198092, 11.030805818327181, 11.863414554805546, 10.635046906523652, 12.092185282445216, 12.528048400040511, 10.197793646173162, 10.209015877692254, 11.719377685379197, 10.179781997596825, 10.039022812476524, 10.089038503039014, 10.854878268399082, 9.919062415322104, 10.00383173764407, 10.066103002527258, 9.74145968929752, 9.862020723112337, 10.464968744215074, 10.243921688624791, 10.932262598813235, 10.313091005597796, 9.698473951318762, 12.543742640987857, 10.459923555562785, 9.488494118491372, 9.43512175633357, 9.832730859190553, 9.291763295184126, 9.298079679300496, 10.589871448474925, 11.636962104629685, 11.424321834857647, 8.910829690786509, 9.102843546605373, 9.444367597391317, 9.120162471310122, 9.40323539356609, 9.053139644664723, 9.510053886162055, 8.968580539409931, 10.094722538203984, 11.315006727700705, 9.49135710118891, 10.87849576132638, 9.851326785244785, 9.45134504548796, 10.149026514409663, 9.032026427132744, 9.391595588935601, 9.367959064441722, 8.832857027158632, 8.938809646354926, 9.020851659250784, 10.52947324186891, 9.19796085357666, 10.203209594055847, 9.958838651468465, 12.425296364249764, 9.268785508124383, 9.03362342289516, 8.953543275267213, 9.393137627905542, 9.053893739050562, 9.858110941373385, 10.35117244720459, 9.333239062801821, 8.893130061390636, 9.036298049675239, 9.341419806847206, 8.95618443960672, 9.102906751108694], "val_mean_absolute_error": [20.5813227223826, 19.112062139825508, 17.238813526027805, 15.050371442522321, 12.521059444972447, 10.05191336621295, 8.029275579766912, 6.816435483785776, 6.086386004647056, 5.525085103380811, 4.843130373692775, 4.287643385457469, 4.004256431873028, 3.7819440915034366, 3.7106762796967896, 3.445246790791606, 3.3322217621646084, 3.111523054458283, 3.3218245689685526, 3.2405498892396363, 2.907311104156159, 2.811847312109811, 2.804026404579917, 2.919702653046493, 2.7065622308752038, 2.8406205963302447, 2.737004198870816, 2.733955307321234, 2.5657026138934462, 2.53404388322935, 2.4621433923532674, 2.3837203874692814, 2.4429406307555817, 2.431837396307306, 2.4528900712401, 2.5901607550107517, 2.435622128811511, 2.2433002492883705, 2.235822473253523, 2.3458782788161394, 2.2156611798883796, 2.2946693425650126, 2.1807957822149926, 2.152155855199793, 2.389490897838886, 2.1348435328556943, 2.428236633866698, 2.5894660216111403, 2.1024044241224016, 2.0957608196761583, 2.271605033140916, 2.109550538953844, 2.07613617509276, 2.0896651718642687, 2.230733111664489, 2.054243512206025, 2.0686244859800236, 2.1154697910769955, 2.0263246179937004, 2.106167284996955, 2.2373005557846235, 2.16576916044885, 2.3271573035271613, 2.198938086792663, 2.0456213924910998, 2.6346306512644, 2.2717020013830163, 2.03582108937777, 2.0434630048143996, 2.0933503187619724, 2.0268430343041053, 2.020315020948976, 2.313455953702822, 2.3874532940623525, 2.4432568288111423, 1.996358090704614, 2.0371735960572632, 2.0671350209267585, 2.0323293261475617, 2.087603495671199, 2.0077130100229286, 2.0933625278892096, 1.9851459487453922, 2.260755009703584, 2.4036092234181834, 2.0618525455286214, 2.324528783232301, 2.152788138651586, 2.102393755545983, 2.214774262774122, 2.024092489546472, 2.10258344241551, 2.0951676866510414, 1.9864476748875208, 1.9981040784290858, 2.017369872921116, 2.2828620999724, 2.0874930502294182, 2.2860558478386848, 2.2663718920487623, 2.6575453805399465, 2.0922940772968333, 2.0647794964549306, 2.0440780775887624, 2.139914562413981, 2.044967220379756, 2.192227398956215, 2.296911493762509, 2.078153915457673, 2.008968169872577, 2.0258227717745436, 2.09426797746302, 2.0111984250309702, 2.0177855688137014], "val_acc": [0.0, 0.0, 0.0, 0.0, 0.0, 0.0, 0.0, 0.0, 0.0, 0.0, 0.0, 0.0, 0.0, 0.0, 0.0, 0.0, 0.0, 0.0, 0.0, 0.0, 0.0, 0.0, 0.0, 0.0, 0.0, 0.0, 0.0, 0.0, 0.0, 0.0, 0.0, 0.0, 0.0, 0.0, 0.0, 0.0, 0.0, 0.0, 0.0, 0.0, 0.0, 0.0, 0.0, 0.0, 0.0, 0.0, 0.0, 0.0, 0.0, 0.0, 0.0, 0.0, 0.0, 0.0, 0.0, 0.0, 0.0, 0.0, 0.0, 0.0, 0.0, 0.0, 0.0, 0.0, 0.0, 0.0, 0.0, 0.0, 0.0, 0.0, 0.0, 0.0, 0.0, 0.0, 0.0, 0.0, 0.0, 0.0, 0.0, 0.0, 0.0, 0.0, 0.0, 0.0, 0.0, 0.0, 0.0, 0.0, 0.0, 0.0, 0.0, 0.0, 0.0, 0.0, 0.0, 0.0, 0.0, 0.0, 0.0, 0.0, 0.0, 0.0, 0.0, 0.0, 0.0, 0.0, 0.0, 0.0, 0.0, 0.0, 0.0, 0.0, 0.0, 0.0], "loss": [581.4521313342419, 526.1918127038977, 457.63980739719267, 378.98233904157365, 293.62506271194627, 212.4156987116887, 144.58575313693873, 94.51288684383853, 65.2842091361245, 47.903305535788064, 36.9686274266505, 29.73621215401115, 25.20539460863386, 22.383268691681245, 20.564367545830024, 19.259839126041957, 17.915094192211445, 17.045018898261773, 16.326907608535265, 15.375651076599793, 15.029377098921891, 14.414867694561298, 13.932023561917818, 13.627059548765748, 13.100805670350463, 12.750985082689223, 12.474458925016634, 12.223465385017814, 12.090975939572512, 11.601134866148561, 11.284393205747499, 11.473433871845623, 11.091992739792708, 10.854218058533721, 10.766913445441277, 10.591609703315484, 10.446337065853916, 10.648692597399702, 10.271359962421458, 10.288212498465738, 10.239832097357446, 9.973099543498112, 9.881976593981733, 9.781212827661536, 9.634228025163923, 9.58284558044685, 9.513236847552625, 9.284373482505044, 9.56988297189985, 9.32604707990374, 9.026430580642197, 9.039955998515035, 9.021408143934313, 8.984228338514056, 8.867737518562066, 8.812183841244204, 8.796574849348803, 8.533734284914457, 8.667987988545345, 8.69359379024296, 8.331770013976882, 8.429594909751808, 8.406531480642466, 8.214368974769508, 8.097328117915563, 8.118268065400176, 8.410257302797758, 8.26991188133156, 8.268785529084258, 7.993110861097064, 7.990734336140392, 7.90582915190812, 7.760441465692206, 7.886463259602641, 7.812992137867016, 7.851498320862487, 7.669075787722409, 7.5073483016464735, 7.6299416206695225, 7.648509046533605, 7.522111043825254, 7.400249166803046, 7.497149137350229, 7.317239656553164, 7.36367211499057, 7.29513607444344, 7.299683481782347, 7.411099465338738, 7.20862170104142, 7.0786074963244765, 7.15098822247851, 7.036934386242877, 7.002778482961131, 6.763453740340013, 7.027260717454848, 7.012018481453697, 6.782232033027397, 7.029743721196939, 6.6893805619124524, 6.7029817287738505, 6.620591048355941, 6.720362851907919, 6.535070749429556, 6.689886360378056, 6.556127595377492, 6.499124804695884, 6.3264292779859606, 6.369367028330709, 6.243081776650397, 6.453446838881943, 6.2366227474841445, 6.508413236219805, 6.188322892555823, 6.174142014849317],